Pauli Error on q1,Projected Probability,Std Err
I,0.987077,0.000071
X,0.004308,0.000071
Y,0.004308,0.000071
Z,0.004308,0.000071
