Pauli Error on q1,Probability
I,0.983962
X,0.005531
Y,0.006279
Z,0.004227
